-- MySQL dump 10.13  Distrib 8.0.0-dmr, for osx10.11 (x86_64)
--
-- Host: localhost    Database: vk_les
-- ------------------------------------------------------
-- Server version	8.0.0-dmr

/*!40101 SET @OLD_CHARACTER_SET_CLIENT=@@CHARACTER_SET_CLIENT */;
/*!40101 SET @OLD_CHARACTER_SET_RESULTS=@@CHARACTER_SET_RESULTS */;
/*!40101 SET @OLD_COLLATION_CONNECTION=@@COLLATION_CONNECTION */;
/*!40101 SET NAMES utf8 */;
/*!40103 SET @OLD_TIME_ZONE=@@TIME_ZONE */;
/*!40103 SET TIME_ZONE='+00:00' */;
/*!40014 SET @OLD_UNIQUE_CHECKS=@@UNIQUE_CHECKS, UNIQUE_CHECKS=0 */;
/*!40014 SET @OLD_FOREIGN_KEY_CHECKS=@@FOREIGN_KEY_CHECKS, FOREIGN_KEY_CHECKS=0 */;
/*!40101 SET @OLD_SQL_MODE=@@SQL_MODE, SQL_MODE='NO_AUTO_VALUE_ON_ZERO' */;
/*!40111 SET @OLD_SQL_NOTES=@@SQL_NOTES, SQL_NOTES=0 */;

--
-- Table structure for table `communities`
--

DROP TABLE IF EXISTS `communities`;
/*!40101 SET @saved_cs_client     = @@character_set_client */;
/*!40101 SET character_set_client = utf8 */;
CREATE TABLE `communities` (
  `id` bigint(20) unsigned NOT NULL AUTO_INCREMENT,
  `name` varchar(145) NOT NULL,
  `description` varchar(245) DEFAULT NULL,
  PRIMARY KEY (`id`),
  UNIQUE KEY `id` (`id`),
  KEY `communities_name_idx` (`name`)
) ENGINE=InnoDB AUTO_INCREMENT=203 DEFAULT CHARSET=latin1;
/*!40101 SET character_set_client = @saved_cs_client */;

--
-- Dumping data for table `communities`
--

LOCK TABLES `communities` WRITE;
/*!40000 ALTER TABLE `communities` DISABLE KEYS */;
INSERT INTO `communities` VALUES (1,'animi','Ut cum molestias voluptas quia sapiente et placeat. Facere et nihil sunt incidunt voluptas beatae ab hic. Harum rerum aut quis eos. Quo voluptates perferendis impedit quidem. Praesentium quia ut nam perferendis adipisci doloribus.'),(2,'ut','Impedit dolor autem amet quia fuga sunt. Quis quidem hic reiciendis et nam fugiat molestiae hic. Sequi temporibus dicta sint nisi enim. Fugit cupiditate voluptatem deserunt numquam nihil provident.'),(3,'cumque','Rerum praesentium aut totam ex. Veritatis et voluptatem non est. Reiciendis modi eius iusto quis minima. Impedit consequatur quam voluptas sequi quia sit facere. Quo ducimus quidem praesentium omnis delectus dolores nihil.'),(4,'iure','Et doloremque ducimus nesciunt qui at illum doloribus. Et aliquam laborum placeat sed at aperiam placeat. Est dolor quasi quibusdam amet.'),(5,'non','Similique molestiae asperiores ipsam veritatis. Est facilis ipsum error quo molestiae cum consectetur velit. Qui unde quisquam nihil molestiae. Est ut distinctio impedit et voluptas necessitatibus voluptatum. Deserunt quos qui repudiandae nesciu'),(6,'quidem','Eveniet nesciunt ea minus dolores. Voluptatibus omnis quis ducimus laborum ut beatae enim. Aspernatur ut incidunt sed odit qui dolores.'),(7,'dolore','Corporis totam sed qui qui vel. Et sint sit alias et. Non dolores quo totam possimus dolores.'),(8,'aspernatur','In dolor unde culpa odio officiis voluptate. Similique et praesentium facilis ut autem vitae. Et animi qui qui accusantium.'),(9,'in','Beatae quibusdam consequuntur accusamus dolorem dicta qui alias. Hic voluptatum sit voluptate sunt suscipit rem. Magni sint praesentium rerum qui hic nihil. Cum dolores dolorem reiciendis distinctio.'),(10,'cumque','Qui quo expedita ea et. Repellendus dolorum totam cum et sit. Dolores distinctio et adipisci molestias recusandae ut. In unde aut occaecati sunt. Similique qui provident officia voluptatem qui magni.'),(11,'temporibus','Eius ratione animi saepe. Accusantium id alias corporis ipsam exercitationem doloribus vel. Est animi nihil cumque iusto.'),(12,'qui','Quia fuga corporis non et repellendus. Qui dicta quis dolore sapiente.'),(13,'praesentium','Tenetur neque et ut temporibus praesentium accusamus quasi. Eos aliquam rerum sequi dolor. Maxime et praesentium officiis deserunt ab sed deleniti.'),(14,'sint','Dolore molestiae qui sit. Iusto nisi fugit omnis quia quo modi. Omnis et enim quam rerum architecto. Quae vel excepturi autem consectetur aut totam. Voluptas quibusdam error ullam exercitationem est eos laborum.'),(15,'ad','Ut maiores cum atque nesciunt ea. Voluptatem sit earum aliquid dolores accusantium architecto eveniet est. Eaque alias atque repellendus est odio. Tempore exercitationem iure et magni.');
/*!40000 ALTER TABLE `communities` ENABLE KEYS */;
UNLOCK TABLES;

--
-- Table structure for table `communities_users`
--

DROP TABLE IF EXISTS `communities_users`;
/*!40101 SET @saved_cs_client     = @@character_set_client */;
/*!40101 SET character_set_client = utf8 */;
CREATE TABLE `communities_users` (
  `community_id` bigint(20) unsigned NOT NULL,
  `user_id` bigint(20) unsigned NOT NULL,
  `created_at` datetime NOT NULL DEFAULT CURRENT_TIMESTAMP,
  PRIMARY KEY (`community_id`,`user_id`),
  KEY `communities_users_comm_idx` (`community_id`),
  KEY `communities_users_users_idx` (`user_id`),
  CONSTRAINT `communities_users_ibfk_1` FOREIGN KEY (`community_id`) REFERENCES `communities` (`id`),
  CONSTRAINT `communities_users_ibfk_2` FOREIGN KEY (`user_id`) REFERENCES `users` (`id`)
) ENGINE=InnoDB DEFAULT CHARSET=latin1;
/*!40101 SET character_set_client = @saved_cs_client */;

--
-- Dumping data for table `communities_users`
--

LOCK TABLES `communities_users` WRITE;
/*!40000 ALTER TABLE `communities_users` DISABLE KEYS */;
INSERT INTO `communities_users` VALUES (1,3,'2005-10-27 10:11:51'),(1,69,'2006-06-28 06:23:39'),(1,77,'1983-10-27 14:25:03'),(2,15,'2019-05-22 21:13:38'),(2,28,'2005-05-12 14:05:33'),(2,32,'1975-06-01 12:05:00'),(2,49,'1996-01-18 16:00:59'),(2,75,'2018-06-15 17:13:36'),(2,77,'2011-11-06 21:56:13'),(2,98,'1977-07-11 22:20:21'),(3,32,'1971-01-05 16:54:09'),(3,36,'2003-06-05 00:10:36'),(3,37,'1973-03-16 07:38:42'),(3,49,'1978-07-08 14:11:08'),(3,52,'1973-03-18 12:28:47'),(3,56,'2018-03-10 14:53:20'),(3,61,'2000-02-06 13:32:25'),(3,88,'2009-12-28 18:45:16'),(4,1,'1986-12-10 20:44:56'),(4,4,'2006-01-17 07:11:18'),(4,24,'1988-04-04 05:33:06'),(4,32,'2000-03-15 16:07:39'),(4,46,'1972-12-15 05:46:29'),(4,65,'1977-01-04 06:22:59'),(4,86,'1994-06-30 13:15:15'),(5,16,'1986-03-31 06:09:34'),(5,48,'2016-03-06 04:31:51'),(5,83,'2018-03-21 07:06:30'),(5,90,'1992-10-24 18:47:03'),(6,2,'1973-05-17 00:38:09'),(6,7,'1976-09-15 14:22:29'),(6,17,'1983-06-06 18:05:31'),(6,51,'2008-07-05 21:17:44'),(6,55,'2012-03-17 12:11:39'),(6,65,'2012-05-01 07:53:57'),(6,68,'1977-07-16 06:39:41'),(6,80,'2018-04-25 02:41:18'),(6,93,'2004-01-30 18:00:27'),(6,99,'2011-05-12 06:09:18'),(7,19,'1983-11-26 23:12:49'),(7,27,'2004-06-03 03:06:57'),(7,29,'1988-11-30 00:28:59'),(7,41,'2003-10-30 12:30:16'),(7,74,'1989-06-17 19:44:30'),(7,95,'1971-06-09 10:47:00'),(7,99,'2019-07-11 08:53:19'),(8,1,'2005-03-01 22:25:31'),(8,8,'2017-04-16 21:32:40'),(8,11,'1970-08-18 17:19:08'),(8,24,'2001-08-25 10:04:13'),(8,25,'1997-01-30 22:53:29'),(8,27,'2019-01-12 12:00:12'),(8,33,'2015-04-18 10:44:16'),(8,41,'1996-11-04 18:43:21'),(8,43,'2018-05-09 00:39:38'),(8,60,'2015-06-05 09:31:36'),(8,67,'2012-01-23 23:16:36'),(8,87,'2021-05-06 12:01:04'),(9,7,'1991-06-02 10:53:14'),(9,8,'2005-07-02 22:47:22'),(9,46,'2001-10-26 15:44:19'),(9,52,'1991-07-20 20:48:07'),(9,61,'1988-04-09 14:06:57'),(9,73,'1987-06-23 11:29:45'),(9,79,'1991-08-14 01:53:31'),(9,82,'2010-11-15 11:53:22'),(9,92,'2005-08-17 17:51:37'),(9,99,'1979-12-25 10:16:04'),(10,14,'2013-07-21 13:34:27'),(10,18,'2015-01-02 23:15:34'),(10,25,'2011-09-26 06:45:49'),(10,40,'2011-05-30 02:45:33'),(10,47,'1993-10-08 19:22:11'),(10,57,'1995-05-02 11:57:04'),(10,82,'1989-10-24 22:03:17'),(11,1,'1979-09-22 07:55:56'),(11,16,'2009-02-23 06:47:43'),(11,27,'1999-05-09 09:53:06'),(11,47,'2004-08-14 02:13:53'),(11,81,'1995-04-15 02:56:18'),(12,2,'1975-03-11 18:35:40'),(12,7,'1993-06-05 11:02:58'),(12,22,'2014-05-19 06:40:54'),(12,26,'1981-03-25 23:16:00'),(12,40,'1986-05-22 21:45:25'),(12,57,'1992-12-12 18:50:56'),(13,24,'1994-07-31 02:07:39'),(13,30,'2002-10-02 04:53:36'),(13,40,'2003-06-12 22:35:21'),(13,65,'1989-11-13 22:16:46'),(14,21,'1976-05-27 17:29:25'),(14,41,'1976-03-26 06:28:09'),(14,44,'2020-02-29 00:04:40'),(14,61,'2009-05-12 09:03:53'),(14,89,'2006-10-13 15:51:57'),(15,3,'2003-12-10 20:31:49'),(15,21,'1984-06-25 15:16:39'),(15,57,'2020-01-11 17:09:28'),(15,63,'1998-12-06 21:25:53'),(15,85,'2013-05-19 19:55:10');
/*!40000 ALTER TABLE `communities_users` ENABLE KEYS */;
UNLOCK TABLES;

--
-- Table structure for table `friend_requests`
--

DROP TABLE IF EXISTS `friend_requests`;
/*!40101 SET @saved_cs_client     = @@character_set_client */;
/*!40101 SET character_set_client = utf8 */;
CREATE TABLE `friend_requests` (
  `from_user_id` bigint(20) unsigned NOT NULL,
  `to_user_id` bigint(20) unsigned NOT NULL,
  `accepted` tinyint(1) DEFAULT '0',
  PRIMARY KEY (`from_user_id`,`to_user_id`),
  KEY `fk_friend_requests_from_user_idx` (`from_user_id`),
  KEY `fk_friend_requests_to_user_idx` (`to_user_id`),
  CONSTRAINT `fk_friend_requests_users_1` FOREIGN KEY (`from_user_id`) REFERENCES `users` (`id`),
  CONSTRAINT `fk_friend_requests_users_2` FOREIGN KEY (`to_user_id`) REFERENCES `users` (`id`)
) ENGINE=InnoDB DEFAULT CHARSET=latin1;
/*!40101 SET character_set_client = @saved_cs_client */;

--
-- Dumping data for table `friend_requests`
--

LOCK TABLES `friend_requests` WRITE;
/*!40000 ALTER TABLE `friend_requests` DISABLE KEYS */;
INSERT INTO `friend_requests` VALUES (1,62,0),(1,74,0),(1,77,1),(2,40,0),(3,82,0),(4,58,0),(4,62,1),(4,65,1),(4,80,1),(4,95,0),(5,86,0),(5,96,1),(6,29,1),(6,53,0),(6,59,0),(7,74,0),(8,10,0),(8,19,0),(10,4,0),(10,68,0),(11,43,1),(11,47,1),(11,60,0),(12,60,0),(13,79,1),(13,89,0),(14,52,0),(15,16,1),(15,74,1),(16,2,1),(16,36,0),(16,52,1),(17,2,0),(17,92,0),(18,14,1),(18,20,0),(18,48,1),(18,81,1),(19,20,1),(19,21,1),(19,65,1),(20,96,1),(22,36,1),(22,82,0),(23,40,0),(23,82,0),(24,3,0),(24,10,1),(25,1,0),(26,63,0),(26,82,0),(26,97,0),(27,20,0),(27,29,1),(28,24,1),(28,50,0),(29,69,0),(29,71,0),(29,84,0),(30,14,0),(30,18,0),(30,21,1),(30,49,0),(31,19,0),(32,31,0),(32,60,1),(34,78,1),(35,4,1),(35,51,0),(36,12,0),(36,46,0),(37,65,1),(38,14,0),(39,75,1),(40,27,1),(41,59,0),(41,80,0),(41,84,1),(43,39,0),(43,63,1),(44,9,1),(44,70,1),(44,92,0),(45,17,1),(45,29,1),(45,59,0),(45,60,0),(45,63,0),(45,80,0),(45,92,1),(46,52,1),(48,61,1),(48,65,1),(48,68,1),(50,2,0),(50,30,0),(50,52,1),(51,59,1),(51,83,0),(51,98,1),(51,99,1),(52,45,1),(52,63,1),(53,75,0),(54,17,1),(54,62,1),(55,11,0),(55,25,1),(55,95,0),(57,87,0),(58,54,0),(59,35,0),(59,50,0),(59,100,1),(60,74,1),(60,86,1),(61,54,1),(61,95,1),(62,10,1),(62,18,1),(62,40,0),(62,46,0),(62,96,0),(63,96,0),(65,23,0),(66,34,1),(66,98,1),(67,19,0),(67,23,1),(67,35,0),(67,85,0),(68,24,0),(69,27,0),(69,75,1),(70,98,0),(72,39,0),(72,43,1),(73,16,1),(73,44,1),(73,96,0),(74,70,1),(75,42,0),(75,49,0),(76,14,1),(76,46,0),(76,87,0),(77,44,1),(79,4,1),(79,27,1),(79,30,1),(79,45,1),(79,63,1),(79,70,1),(79,98,1),(81,23,1),(81,62,1),(81,77,1),(82,66,1),(82,74,0),(82,91,0),(84,48,1),(85,58,0),(86,81,1),(86,93,0),(87,37,1),(87,46,1),(87,72,1),(89,4,1),(89,21,0),(90,24,0),(90,49,1),(91,19,1),(91,37,0),(91,72,0),(91,86,1),(92,40,1),(92,83,1),(93,4,1),(93,64,0),(94,6,1),(94,14,1),(94,79,1),(94,100,0),(95,26,1),(95,54,0),(96,24,0),(96,32,0),(96,36,0),(96,42,0),(97,58,0),(98,32,1),(99,21,0),(99,42,0),(99,92,0),(100,12,1),(100,19,0),(100,95,0);
/*!40000 ALTER TABLE `friend_requests` ENABLE KEYS */;
UNLOCK TABLES;

--
-- Table structure for table `media`
--

DROP TABLE IF EXISTS `media`;
/*!40101 SET @saved_cs_client     = @@character_set_client */;
/*!40101 SET character_set_client = utf8 */;
CREATE TABLE `media` (
  `id` bigint(20) unsigned NOT NULL AUTO_INCREMENT,
  `user_id` bigint(20) unsigned NOT NULL,
  `media_types_id` int(10) unsigned NOT NULL,
  `file_name` varchar(245) DEFAULT NULL COMMENT '/files/folder/img.png',
  `file_size` bigint(20) unsigned DEFAULT NULL,
  `created_at` datetime NOT NULL DEFAULT CURRENT_TIMESTAMP,
  PRIMARY KEY (`id`),
  UNIQUE KEY `id` (`id`),
  KEY `media_users_idx` (`user_id`),
  KEY `media_media_types_idx` (`media_types_id`),
  CONSTRAINT `fk_media_media_types` FOREIGN KEY (`media_types_id`) REFERENCES `media_types` (`id`),
  CONSTRAINT `fk_media_users` FOREIGN KEY (`user_id`) REFERENCES `users` (`id`)
) ENGINE=InnoDB AUTO_INCREMENT=301 DEFAULT CHARSET=latin1;
/*!40101 SET character_set_client = @saved_cs_client */;

--
-- Dumping data for table `media`
--

LOCK TABLES `media` WRITE;
/*!40000 ALTER TABLE `media` DISABLE KEYS */;
INSERT INTO `media` VALUES (1,36,4,'cupiditate',17382,'1979-10-13 00:27:17'),(2,55,1,'maxime',82089,'2003-01-24 19:01:51'),(3,30,4,'atque',29986,'1984-08-09 04:38:52'),(4,7,2,'rerum',89836,'1979-02-11 02:59:47'),(5,8,1,'voluptatum',12142,'2012-06-02 07:57:35'),(6,96,4,'non',24155,'1975-10-08 12:40:06'),(7,31,3,'architecto',30416,'2012-09-28 01:43:16'),(8,36,2,'assumenda',47809,'2009-12-23 06:54:38'),(9,12,2,'ipsa',8072,'2004-04-20 20:34:20'),(10,83,2,'ea',13179,'1997-01-30 21:09:05'),(11,41,3,'aut',59447,'1976-02-21 23:30:35'),(12,91,2,'magnam',59061,'1977-07-29 03:26:27'),(13,93,1,'et',12061,'1975-07-23 11:09:02'),(14,87,3,'et',6090,'2010-01-19 20:09:38'),(15,90,1,'nostrum',31631,'1979-06-14 04:25:11'),(16,41,1,'praesentium',97295,'2000-04-30 16:23:35'),(17,86,4,'corrupti',55816,'2017-11-08 13:31:56'),(18,30,1,'aut',8978,'2003-11-16 12:06:46'),(19,71,2,'qui',27971,'1985-04-07 16:40:13'),(20,43,4,'nobis',7096,'2002-01-05 00:00:19'),(21,48,2,'ut',45976,'1992-08-01 22:15:51'),(22,73,4,'ipsa',26610,'1980-06-27 22:12:53'),(23,2,1,'dolor',59776,'1971-06-12 11:33:35'),(24,17,1,'ea',10812,'1980-05-18 20:16:05'),(25,44,4,'eum',88328,'1985-05-27 05:39:53'),(26,62,4,'nam',44763,'2004-03-12 11:12:58'),(27,55,3,'numquam',75443,'1981-04-24 12:04:54'),(28,31,2,'sed',27562,'2018-05-30 03:42:17'),(29,65,1,'delectus',91510,'1998-01-05 02:53:02'),(30,10,3,'at',88478,'1982-04-23 19:46:01'),(31,22,3,'eveniet',17261,'2012-11-17 18:40:00'),(32,79,1,'alias',36835,'2000-02-22 23:50:05'),(33,46,1,'dolor',20883,'2009-09-14 20:36:41'),(34,22,1,'tempora',83564,'1971-12-02 05:01:33'),(35,44,3,'ab',91034,'2019-02-07 22:55:37'),(36,94,4,'recusandae',4665,'1976-02-09 23:02:47'),(37,2,3,'odit',36900,'1999-08-11 03:27:38'),(38,70,1,'quia',12076,'1992-06-23 20:59:32'),(39,74,4,'ullam',95123,'1979-12-21 16:20:18'),(40,17,1,'voluptate',97537,'2002-10-02 21:59:55'),(41,84,4,'aut',52867,'1995-11-10 21:52:41'),(42,2,2,'enim',29691,'1972-08-11 01:17:14'),(43,30,2,'ut',60687,'2021-03-23 11:05:03'),(44,85,4,'et',33266,'1993-03-03 02:55:34'),(45,49,4,'vero',26117,'2009-06-09 09:29:31'),(46,49,3,'itaque',68385,'1989-10-23 22:58:35'),(47,45,2,'ipsum',22786,'2016-06-20 03:54:08'),(48,77,4,'minus',69256,'1988-06-21 15:05:21'),(49,35,4,'doloremque',71720,'2003-07-28 00:24:59'),(50,7,4,'aut',19974,'2014-11-02 02:09:14'),(51,61,1,'corrupti',75283,'1982-06-15 11:30:14'),(52,70,3,'ut',35809,'1992-09-06 18:19:37'),(53,67,2,'non',41017,'1992-02-16 06:26:17'),(54,66,2,'et',35820,'2012-01-20 09:40:12'),(55,24,4,'beatae',17090,'1993-12-26 23:56:40'),(56,58,1,'sint',67423,'1976-12-27 07:02:40'),(57,61,3,'et',45316,'1996-11-04 19:17:50'),(58,46,4,'eum',99160,'2015-01-15 12:07:31'),(59,91,2,'dolor',86312,'1986-06-22 07:13:06'),(60,85,2,'aut',75578,'2011-01-07 10:15:09'),(61,26,2,'explicabo',47328,'1980-10-16 05:49:14'),(62,10,3,'voluptas',87569,'1988-11-25 10:27:02'),(63,61,4,'qui',11333,'1984-10-09 11:09:53'),(64,61,4,'quo',95105,'1997-06-06 09:17:08'),(65,84,3,'corrupti',46124,'2019-11-23 15:56:54'),(66,74,2,'officiis',57083,'1971-03-04 08:45:59'),(67,68,2,'eos',25885,'1980-08-03 10:57:46'),(68,8,2,'aut',61371,'1983-06-09 17:20:10'),(69,81,3,'rerum',21949,'2008-09-06 23:17:38'),(70,74,1,'eos',94324,'2016-12-31 08:56:37'),(71,57,2,'at',98581,'1986-07-08 21:11:03'),(72,12,1,'quia',4959,'1981-11-23 11:51:57'),(73,91,3,'sunt',45114,'1974-08-18 23:20:20'),(74,8,4,'veritatis',32906,'1980-04-12 18:55:15'),(75,89,4,'possimus',20081,'1990-09-14 05:32:15'),(76,22,1,'nesciunt',58423,'1992-03-05 11:38:34'),(77,26,2,'eaque',40971,'2002-12-07 14:22:45'),(78,84,4,'esse',59427,'2000-05-18 23:21:46'),(79,18,2,'molestias',90187,'1983-11-15 00:27:02'),(80,81,1,'sint',27035,'2007-01-18 15:27:07'),(81,10,3,'hic',28371,'2016-02-01 10:30:43'),(82,46,4,'et',94734,'1986-04-29 02:58:46'),(83,96,3,'aut',32961,'1974-11-16 11:03:38'),(84,11,4,'qui',94902,'2015-01-26 14:58:28'),(85,27,4,'eos',2511,'2021-01-21 17:28:43'),(86,80,4,'reprehenderit',87471,'2013-05-22 17:57:48'),(87,17,4,'eaque',85546,'1978-06-03 20:28:06'),(88,100,1,'quos',99178,'1980-12-19 23:33:15'),(89,49,1,'deleniti',68713,'1995-05-31 05:42:07'),(90,88,2,'occaecati',44907,'2020-12-09 20:34:47'),(91,99,1,'esse',39782,'1999-01-02 00:43:50'),(92,51,1,'quia',61134,'2019-06-03 16:30:16'),(93,41,2,'sed',44187,'1986-01-18 10:42:12'),(94,9,3,'et',73688,'1984-03-04 19:07:33'),(95,77,4,'consequatur',64353,'2020-10-01 06:53:32'),(96,59,4,'praesentium',61806,'2020-05-11 14:56:46'),(97,42,1,'rerum',72676,'1999-03-09 00:40:08'),(98,64,2,'pariatur',60639,'1998-11-08 07:54:15'),(99,58,3,'dignissimos',99950,'2017-07-30 17:44:27'),(100,13,4,'rerum',72386,'1979-10-01 11:20:38'),(101,59,4,'deserunt',85720,'1986-01-23 17:08:30'),(102,67,4,'explicabo',35610,'2015-03-25 09:49:12'),(103,84,3,'qui',38079,'1996-04-18 22:20:04'),(104,82,2,'totam',59256,'2018-01-20 19:50:59'),(105,73,3,'distinctio',25690,'2004-11-02 23:28:35'),(106,69,3,'ipsa',17266,'1984-03-17 06:59:53'),(107,79,1,'eum',53175,'1970-09-22 10:54:05'),(108,94,1,'impedit',47885,'2016-02-09 00:01:27'),(109,52,1,'maiores',22557,'1970-07-26 17:16:12'),(110,76,2,'exercitationem',52639,'1998-12-25 15:49:51'),(111,91,2,'rem',66508,'1995-11-21 21:55:25'),(112,15,2,'autem',189,'1988-11-10 13:26:18'),(113,39,4,'non',94848,'2002-07-13 11:43:06'),(114,69,4,'minima',89823,'2002-06-18 19:53:46'),(115,52,4,'qui',91262,'2009-09-01 20:38:20'),(116,81,1,'necessitatibus',26967,'2002-06-01 19:21:57'),(117,74,2,'iure',53431,'2000-10-19 10:20:21'),(118,86,3,'sint',85953,'1976-04-08 19:26:01'),(119,13,3,'delectus',18385,'1975-12-02 21:07:33'),(120,90,4,'dolores',77220,'1988-06-12 20:46:16'),(121,37,3,'animi',63194,'2017-11-17 06:35:22'),(122,56,1,'veniam',41305,'2000-12-18 08:25:04'),(123,78,2,'et',27906,'1970-06-05 09:03:56'),(124,34,2,'quis',64973,'1991-05-08 08:18:35'),(125,51,1,'facilis',41246,'2014-05-23 02:09:52'),(126,58,2,'sunt',60382,'1990-11-29 00:00:30'),(127,45,3,'sapiente',78651,'2004-08-08 23:17:34'),(128,73,4,'temporibus',78047,'2006-04-05 03:55:32'),(129,49,2,'quia',46044,'1998-03-30 16:26:56'),(130,80,1,'ipsum',25032,'2014-09-18 07:10:31'),(131,24,3,'vel',40364,'2007-09-09 20:54:30'),(132,11,4,'et',37234,'1993-04-29 19:56:15'),(133,7,4,'fugiat',44373,'2016-09-14 14:10:56'),(134,54,1,'et',36600,'1980-04-18 22:08:51'),(135,64,2,'ex',22645,'2008-10-25 02:12:35'),(136,5,1,'quae',29165,'2007-12-24 13:36:57'),(137,2,3,'eaque',78255,'1972-12-14 11:56:40'),(138,16,4,'eligendi',90336,'1992-04-04 23:35:51'),(139,9,2,'facilis',1501,'1990-09-17 16:16:52'),(140,8,3,'et',69199,'2009-07-22 11:11:33'),(141,59,3,'esse',67867,'2016-06-15 04:14:00'),(142,100,1,'iure',20476,'2013-04-27 00:54:13'),(143,36,3,'nobis',69855,'2003-01-10 05:03:54'),(144,86,4,'tenetur',51001,'2007-07-25 01:50:03'),(145,15,3,'nisi',18912,'1995-11-13 21:34:04'),(146,85,2,'eligendi',43987,'1977-03-15 02:33:29'),(147,25,4,'sapiente',2337,'1987-11-18 06:29:30'),(148,35,2,'molestiae',86099,'1971-08-19 14:56:19'),(149,92,4,'eos',85858,'1998-06-27 00:59:03'),(150,52,3,'doloremque',76191,'2000-09-14 21:29:51'),(151,32,3,'amet',13960,'1971-11-06 04:12:13'),(152,56,2,'eaque',48570,'1970-09-08 23:21:23'),(153,17,3,'et',60550,'2006-11-27 21:23:57'),(154,11,2,'aut',62571,'1974-11-09 05:48:05'),(155,20,1,'atque',44628,'2004-02-02 02:22:43'),(156,86,4,'quasi',93944,'2013-06-26 06:45:23'),(157,83,4,'cumque',96948,'1995-07-21 16:49:20'),(158,82,1,'facilis',33549,'2000-02-13 18:28:24'),(159,58,3,'iusto',6331,'1997-06-29 03:05:24'),(160,3,3,'quaerat',21807,'2000-03-10 06:57:31'),(161,33,4,'necessitatibus',46126,'1991-01-07 23:25:13'),(162,9,3,'libero',74639,'1991-10-18 14:14:17'),(163,83,2,'ducimus',89028,'2012-10-06 18:09:33'),(164,90,3,'reprehenderit',94848,'2009-05-12 11:14:42'),(165,31,2,'earum',85568,'1989-08-05 08:21:04'),(166,30,3,'sit',61671,'2015-06-07 05:09:50'),(167,98,4,'beatae',49952,'1992-12-08 07:51:49'),(168,95,1,'exercitationem',29611,'1986-04-03 08:44:43'),(169,55,1,'id',77180,'1982-09-08 08:30:05'),(170,40,3,'impedit',3411,'1996-01-25 18:08:28'),(171,24,1,'nihil',92975,'2005-05-03 10:24:34'),(172,53,1,'enim',49417,'1974-03-03 15:40:43'),(173,10,2,'quo',96062,'1996-03-01 13:03:38'),(174,24,3,'in',76230,'1981-05-31 17:49:58'),(175,1,2,'itaque',53694,'1998-11-10 18:55:45'),(176,39,2,'dicta',89030,'1981-09-22 14:26:55'),(177,13,2,'quis',6536,'2017-11-15 08:17:27'),(178,90,4,'eveniet',49279,'2020-11-06 19:58:49'),(179,91,4,'hic',28316,'1990-11-09 05:43:29'),(180,69,1,'facere',14853,'1993-09-21 02:59:15'),(181,20,4,'error',45804,'1987-02-02 02:31:15'),(182,84,1,'delectus',54815,'1999-03-12 06:24:54'),(183,82,4,'mollitia',23843,'1997-08-08 15:30:11'),(184,31,2,'ut',28317,'2018-02-26 00:51:11'),(185,84,3,'aut',48758,'1995-08-18 19:38:51'),(186,11,1,'sunt',73726,'2018-03-16 23:46:26'),(187,96,3,'omnis',91103,'2017-11-25 22:27:23'),(188,14,1,'quae',94676,'2010-06-09 03:22:18'),(189,96,2,'tempore',14369,'1986-05-27 09:00:28'),(190,73,4,'aperiam',89701,'2018-05-11 14:55:50'),(191,63,1,'nostrum',22430,'2005-12-29 00:25:05'),(192,29,3,'itaque',32372,'1976-07-03 16:57:41'),(193,59,1,'numquam',81336,'1987-12-23 20:58:25'),(194,70,2,'delectus',13407,'1970-03-20 17:48:22'),(195,97,2,'commodi',94266,'1983-02-12 07:25:17'),(196,72,1,'sunt',20324,'2006-04-11 00:23:27'),(197,37,3,'optio',19491,'1989-01-29 10:15:09'),(198,33,1,'perferendis',64693,'2012-06-06 17:01:21'),(199,34,3,'autem',14393,'1984-11-01 06:47:36'),(200,55,1,'mollitia',73437,'1981-02-17 00:35:17'),(201,34,3,'illo',57652,'2015-01-11 20:27:58'),(202,25,2,'sed',80215,'2012-03-16 07:00:04'),(203,28,2,'beatae',89464,'1977-07-29 01:50:46'),(204,34,1,'sapiente',54807,'1994-04-26 02:12:22'),(205,75,1,'quis',28674,'1996-12-17 12:36:42'),(206,20,2,'animi',12982,'2009-04-10 19:59:44'),(207,17,2,'tempora',31908,'2007-05-24 15:24:37'),(208,12,4,'quo',84742,'1995-12-02 09:04:22'),(209,66,4,'voluptatibus',97756,'1995-11-17 21:47:23'),(210,26,3,'rerum',73364,'1997-04-29 10:10:30'),(211,21,4,'doloremque',46204,'2002-03-18 18:38:47'),(212,78,3,'voluptatibus',44500,'1988-11-05 21:20:19'),(213,52,1,'deserunt',56796,'1984-05-05 00:15:05'),(214,75,4,'ipsa',93046,'2019-03-26 13:14:27'),(215,74,2,'perspiciatis',21984,'2007-12-02 18:21:37'),(216,4,1,'temporibus',83300,'1972-07-12 07:12:31'),(217,95,2,'sed',54626,'1989-05-24 01:50:30'),(218,36,1,'ipsam',22669,'1983-09-24 11:59:16'),(219,67,3,'eaque',36719,'2016-05-30 00:06:19'),(220,45,2,'nobis',21444,'1978-03-30 21:28:00'),(221,75,3,'et',83923,'1983-05-10 04:37:43'),(222,78,4,'magnam',41292,'1970-09-25 01:13:36'),(223,12,4,'aut',36539,'1991-10-08 06:23:17'),(224,67,4,'eum',30899,'1995-08-21 15:05:34'),(225,72,4,'quia',25934,'1971-11-16 05:40:53'),(226,39,4,'sapiente',43556,'2007-10-26 02:29:08'),(227,89,1,'ab',70585,'2007-08-27 14:19:29'),(228,48,2,'rerum',79238,'1995-12-14 05:34:22'),(229,28,1,'consequatur',14477,'2006-11-05 13:24:20'),(230,26,1,'at',57105,'1998-04-17 01:34:10'),(231,52,2,'libero',5608,'1976-01-28 21:05:19'),(232,8,2,'facilis',34173,'1993-09-20 10:49:19'),(233,57,2,'ab',70137,'1988-04-29 04:35:54'),(234,67,1,'ut',40521,'1996-02-06 00:24:44'),(235,11,1,'laudantium',96785,'1978-07-13 03:55:44'),(236,64,4,'sit',94749,'2019-07-13 07:16:53'),(237,76,2,'voluptatem',32501,'1988-11-29 22:25:31'),(238,77,4,'dolores',63499,'1993-06-21 21:55:19'),(239,32,2,'quos',55887,'1978-05-08 08:01:23'),(240,65,1,'quibusdam',52117,'2005-02-24 15:27:23'),(241,35,1,'a',91122,'2012-11-14 06:43:20'),(242,94,1,'est',6726,'1999-09-24 01:54:09'),(243,21,2,'non',22403,'2016-08-23 23:38:34'),(244,64,2,'ut',53627,'1989-08-15 21:51:40'),(245,64,4,'molestiae',39418,'1991-04-30 01:15:06'),(246,48,1,'dolorum',93240,'1990-11-08 08:10:44'),(247,18,3,'sunt',63666,'2020-03-23 19:13:09'),(248,60,3,'in',34690,'1997-07-25 23:20:07'),(249,97,2,'sed',78916,'2011-01-14 00:15:38'),(250,98,1,'nesciunt',89126,'2015-02-06 05:19:28'),(251,38,3,'perspiciatis',52105,'2020-03-02 08:59:45'),(252,93,1,'corporis',9919,'1984-02-29 13:33:44'),(253,3,3,'molestiae',62985,'1993-10-18 01:59:39'),(254,1,2,'quo',74763,'1980-07-20 17:10:22'),(255,12,3,'veniam',97165,'2009-08-26 04:18:11'),(256,37,2,'neque',64973,'2015-11-25 02:39:28'),(257,69,2,'officia',22899,'2015-02-20 08:56:12'),(258,69,4,'dolorem',52363,'1982-06-17 17:36:38'),(259,72,2,'sint',82818,'1990-02-28 08:37:03'),(260,36,2,'voluptates',46216,'1990-06-05 01:45:19'),(261,21,4,'aperiam',35784,'1974-07-27 14:20:27'),(262,49,2,'omnis',5163,'1982-05-17 07:49:40'),(263,38,1,'ex',43553,'1987-09-04 10:38:51'),(264,14,2,'minus',71056,'2007-01-08 08:59:44'),(265,34,1,'vitae',41347,'2011-03-06 10:10:01'),(266,42,3,'minima',87684,'2021-02-10 20:21:27'),(267,73,2,'perferendis',72509,'1979-11-05 07:37:22'),(268,85,4,'autem',63328,'1975-06-13 20:43:52'),(269,4,4,'rerum',60778,'2011-05-03 07:23:55'),(270,10,1,'occaecati',21582,'1985-03-13 01:19:59'),(271,51,2,'et',19848,'2005-02-27 14:29:48'),(272,61,1,'vel',81853,'2000-06-07 03:40:13'),(273,76,2,'maiores',65792,'2005-03-04 05:02:04'),(274,8,2,'voluptates',64061,'2016-08-07 10:52:33'),(275,61,2,'ab',92356,'2011-05-02 19:26:28'),(276,82,4,'totam',31172,'1990-07-24 03:43:17'),(277,26,2,'corrupti',45604,'2010-12-06 13:05:52'),(278,20,3,'quasi',63414,'2014-04-19 17:48:08'),(279,38,2,'facilis',35472,'1972-09-13 09:48:11'),(280,97,3,'maiores',39602,'2002-06-05 19:23:17'),(281,45,2,'labore',88801,'1972-08-05 20:56:41'),(282,44,1,'necessitatibus',16319,'2001-08-05 15:13:16'),(283,73,2,'incidunt',95978,'2000-01-26 12:36:28'),(284,93,4,'architecto',19032,'1979-07-17 02:36:24'),(285,14,1,'distinctio',60385,'1984-07-08 21:28:00'),(286,91,3,'consequuntur',28500,'2006-07-12 16:34:48'),(287,48,3,'occaecati',6772,'1974-09-13 10:48:21'),(288,84,1,'rerum',42021,'1989-09-17 07:26:08'),(289,81,4,'suscipit',13899,'2000-10-17 14:47:38'),(290,71,2,'eos',90906,'1990-02-03 19:20:17'),(291,33,3,'quia',26314,'1979-11-11 22:33:11'),(292,24,3,'nam',71840,'1972-10-10 12:59:28'),(293,82,2,'quae',34684,'1974-01-29 12:12:43'),(294,20,1,'qui',4648,'1978-05-11 09:21:46'),(295,76,1,'reprehenderit',72139,'2008-04-30 13:26:15'),(296,91,1,'ut',92202,'1988-10-29 06:54:38'),(297,54,2,'excepturi',19532,'2008-10-12 13:30:27'),(298,37,2,'expedita',70397,'2005-09-22 22:54:34'),(299,63,2,'quo',32915,'1973-12-15 00:03:15'),(300,2,4,'vel',65523,'1991-08-26 02:03:51');
/*!40000 ALTER TABLE `media` ENABLE KEYS */;
UNLOCK TABLES;

--
-- Table structure for table `media_types`
--

DROP TABLE IF EXISTS `media_types`;
/*!40101 SET @saved_cs_client     = @@character_set_client */;
/*!40101 SET character_set_client = utf8 */;
CREATE TABLE `media_types` (
  `id` int(10) unsigned NOT NULL AUTO_INCREMENT,
  `name` varchar(45) NOT NULL,
  PRIMARY KEY (`id`),
  UNIQUE KEY `name` (`name`)
) ENGINE=InnoDB AUTO_INCREMENT=5 DEFAULT CHARSET=latin1;
/*!40101 SET character_set_client = @saved_cs_client */;

--
-- Dumping data for table `media_types`
--

LOCK TABLES `media_types` WRITE;
/*!40000 ALTER TABLE `media_types` DISABLE KEYS */;
INSERT INTO `media_types` VALUES (2,'audio'),(4,'document'),(1,'image'),(3,'video');
/*!40000 ALTER TABLE `media_types` ENABLE KEYS */;
UNLOCK TABLES;

--
-- Table structure for table `messages`
--

DROP TABLE IF EXISTS `messages`;
/*!40101 SET @saved_cs_client     = @@character_set_client */;
/*!40101 SET character_set_client = utf8 */;
CREATE TABLE `messages` (
  `id` bigint(20) unsigned NOT NULL AUTO_INCREMENT,
  `from_user_id` bigint(20) unsigned NOT NULL,
  `to_user_id` bigint(20) unsigned NOT NULL,
  `txt` text NOT NULL,
  `is_delivered` tinyint(1) DEFAULT '0',
  `created_at` datetime NOT NULL DEFAULT CURRENT_TIMESTAMP,
  `updated_at` datetime DEFAULT CURRENT_TIMESTAMP ON UPDATE CURRENT_TIMESTAMP COMMENT 'Время обновления строки',
  PRIMARY KEY (`id`),
  UNIQUE KEY `id` (`id`),
  KEY `fk_messages_from_user_idx` (`from_user_id`),
  KEY `fk_messages_to_user_idx` (`to_user_id`),
  CONSTRAINT `fk_messages_users_1` FOREIGN KEY (`from_user_id`) REFERENCES `users` (`id`),
  CONSTRAINT `fk_messages_users_2` FOREIGN KEY (`to_user_id`) REFERENCES `users` (`id`)
) ENGINE=InnoDB AUTO_INCREMENT=251 DEFAULT CHARSET=latin1;
/*!40101 SET character_set_client = @saved_cs_client */;

--
-- Dumping data for table `messages`
--

LOCK TABLES `messages` WRITE;
/*!40000 ALTER TABLE `messages` DISABLE KEYS */;
INSERT INTO `messages` VALUES (1,51,89,'Cum esse corporis ea dolores blanditiis delectus ipsa.',0,'2000-09-14 09:11:55','1995-11-02 00:03:30'),(2,46,47,'Aspernatur voluptas veritatis eum sunt.',1,'1979-04-19 04:18:52','2007-02-24 21:11:44'),(3,35,79,'In id enim porro quis ipsam hic.',0,'2000-06-29 04:22:07','1989-12-03 13:29:30'),(4,58,41,'Et sed aut quis voluptatem.',1,'1997-11-13 13:33:47','2018-05-18 12:47:08'),(5,100,96,'Aut laborum et voluptate quia commodi earum et.',0,'1984-12-07 02:32:41','1991-02-28 07:25:09'),(6,19,79,'Quis quos non perspiciatis enim placeat repellat qui.',1,'1999-04-04 11:58:43','2018-06-30 09:00:06'),(7,10,22,'Odit unde cupiditate provident numquam.',0,'2016-03-07 18:34:10','1971-12-14 15:02:46'),(8,88,4,'Aut quos aut dicta illo.',1,'1989-09-08 09:14:12','1999-07-17 01:16:58'),(9,91,65,'Et et qui culpa alias dolores in optio.',0,'1975-11-26 08:27:42','1971-07-01 10:41:53'),(10,43,14,'Voluptatibus voluptatum repellendus perferendis.',1,'1985-05-05 01:17:40','2013-10-17 12:47:16'),(11,48,69,'Repellat sint modi minus voluptates quam.',1,'2017-08-14 12:49:06','2004-04-22 21:38:08'),(12,87,35,'Amet ut animi maiores incidunt animi odit.',1,'1978-12-04 22:37:05','1998-10-01 14:37:58'),(13,91,75,'Est voluptates nisi sed.',1,'1979-02-25 11:18:00','2005-02-16 06:18:30'),(14,60,51,'Cumque qui autem qui fuga dolores.',1,'2002-05-18 01:53:10','2012-05-03 03:06:51'),(15,9,13,'Deserunt at accusamus quae hic voluptatem enim.',1,'1987-07-31 12:22:12','2020-05-13 12:54:45'),(16,65,59,'Architecto repellat recusandae aut laboriosam dignissimos totam.',1,'2003-03-15 02:35:39','1981-03-13 07:00:00'),(17,2,11,'Est architecto quo qui recusandae.',0,'2002-08-01 04:08:48','2005-06-15 08:22:22'),(18,6,36,'Sit quae tenetur voluptatum sint.',0,'1994-03-07 09:17:09','2005-01-26 17:33:28'),(19,89,64,'Ea ea eius fuga pariatur qui sunt cum doloremque.',1,'1981-04-30 01:35:10','2018-02-21 00:20:13'),(20,77,88,'Amet minus voluptatibus recusandae ipsum voluptates animi animi aliquid.',0,'2016-04-27 04:53:04','2015-05-12 06:49:16'),(21,59,95,'Rerum dolorum sint unde ut nemo tenetur.',1,'1978-09-20 05:23:08','1981-04-17 22:23:53'),(22,66,68,'Voluptatem sed qui quos ea numquam nihil consequatur.',0,'2011-03-30 03:34:10','2018-07-21 20:33:50'),(23,17,54,'Nulla porro sit temporibus porro dolores est ratione voluptas.',0,'2020-03-16 06:57:46','1970-08-10 13:56:06'),(24,72,8,'Facere sed sed sequi aut.',0,'1975-11-21 14:22:09','2017-03-09 17:35:02'),(25,18,15,'Labore ullam molestiae dolor aliquam laborum deleniti ad.',0,'1998-09-29 23:39:18','2015-01-29 23:26:52'),(26,22,66,'Sed officiis veritatis dolorum et expedita.',1,'2013-10-26 14:14:26','2018-07-21 21:26:22'),(27,83,8,'Magnam tempore non et odit nemo.',0,'2007-09-07 15:25:30','2019-01-30 01:27:03'),(28,100,74,'Autem voluptas minima doloremque dolor dicta quis ratione.',0,'1992-07-17 23:53:36','2011-06-12 01:51:23'),(29,83,60,'Consectetur perspiciatis maiores adipisci reprehenderit non.',0,'2015-06-28 18:24:16','1982-08-19 22:11:54'),(30,25,91,'Perspiciatis nisi dolorem nihil consequatur dolorum.',0,'2012-08-31 21:54:42','1972-08-04 17:05:05'),(31,73,89,'Quia quam est et aut cupiditate eum.',0,'2008-02-08 06:19:35','1985-01-12 23:15:09'),(32,50,74,'Est et voluptatum eveniet mollitia.',1,'1971-06-17 13:30:54','1983-10-18 15:31:55'),(33,99,56,'Autem ea repudiandae impedit voluptatum sit veniam deleniti.',0,'1983-11-30 11:12:09','1990-11-09 01:17:13'),(34,9,87,'Aspernatur id dolorem saepe et amet harum.',0,'1995-11-10 01:02:58','2011-08-07 04:39:56'),(35,19,86,'Quia cum ullam magnam.',1,'1974-10-12 08:16:22','1993-12-23 04:25:23'),(36,75,77,'Dolore rem earum ducimus rerum assumenda harum numquam.',0,'2020-03-16 01:00:30','1981-07-17 18:35:21'),(37,81,40,'Officiis fugiat voluptatum qui.',1,'2001-09-24 08:28:35','1974-07-24 10:13:53'),(38,45,98,'Et dolores totam odio aut id perferendis.',1,'1991-02-21 06:00:22','1985-09-07 10:16:39'),(39,94,17,'Commodi quis culpa aut quia.',0,'1971-08-10 10:04:30','1999-01-26 01:54:25'),(40,5,11,'Vitae temporibus quam harum quibusdam odit numquam at.',1,'1985-06-25 06:52:36','1990-08-23 12:42:18'),(41,31,26,'Sequi optio esse debitis consequatur.',1,'1987-11-26 12:02:34','1997-08-30 03:02:13'),(42,77,14,'Harum explicabo corporis in dolores aut dolores.',1,'2013-01-20 06:43:35','2005-12-14 22:47:49'),(43,34,77,'Corporis enim repudiandae et.',0,'1984-03-07 09:48:59','1984-05-26 21:27:51'),(44,87,16,'Nihil et accusantium dolorem enim atque eos recusandae impedit.',0,'2018-01-02 06:33:17','2001-10-19 23:15:44'),(45,36,11,'Voluptate autem incidunt velit vel error ratione.',0,'2007-11-22 19:46:43','2013-10-01 02:08:10'),(46,7,8,'Sint quis similique voluptates aut.',1,'1977-09-23 15:40:59','1998-07-27 21:09:53'),(47,99,56,'Sequi beatae quis ipsam vero distinctio beatae nesciunt.',0,'1971-08-31 15:04:17','2002-06-17 07:18:32'),(48,81,98,'Cum vero sequi incidunt iste nemo eligendi laudantium.',1,'1978-07-05 10:24:12','2017-12-05 16:46:19'),(49,12,90,'Vel consequatur sed reiciendis ut exercitationem repellendus voluptas.',0,'1986-10-25 01:52:54','1999-01-13 20:14:35'),(50,85,30,'Qui eum iusto et labore quod.',0,'1997-02-12 12:39:58','1994-04-18 15:29:30'),(51,76,59,'Fugit voluptate maxime accusamus animi nisi.',0,'1989-12-12 08:38:28','1978-07-10 05:15:41'),(52,7,57,'Architecto quae illum eum explicabo sed aut quos.',0,'1974-01-25 14:37:36','1981-04-05 05:46:31'),(53,98,52,'Quibusdam amet unde itaque quo repudiandae dolorem.',1,'1993-01-15 21:30:41','1996-04-11 15:22:22'),(54,54,91,'Vel veniam facere rerum ea eveniet.',0,'1971-08-09 11:52:41','1991-06-26 19:14:34'),(55,68,59,'Non perferendis similique nostrum mollitia optio debitis.',0,'1992-03-14 18:55:42','1993-07-04 05:10:12'),(56,2,98,'Consequatur provident in neque non possimus.',1,'1996-02-15 00:06:37','2008-12-01 00:24:57'),(57,85,78,'Culpa incidunt molestias occaecati quis deserunt.',1,'1986-07-28 04:28:41','2007-07-21 11:21:52'),(58,11,18,'Occaecati quo alias nam qui.',1,'1994-10-05 20:34:16','1978-05-01 01:14:58'),(59,54,97,'Alias exercitationem voluptatem aliquam molestias eum adipisci.',1,'1991-11-06 19:49:21','1982-04-01 16:51:19'),(60,34,90,'Aut et et laudantium.',1,'2008-11-03 05:55:20','1982-02-27 23:49:02'),(61,8,40,'Incidunt dolores ut voluptate et aut qui enim eaque.',1,'1974-04-08 19:47:17','1971-05-25 01:13:54'),(62,98,6,'Aperiam qui libero molestiae dolorum molestiae.',1,'1991-03-13 02:06:16','1983-09-27 09:57:16'),(63,96,79,'Aut quas dolore natus expedita dolores.',1,'2006-07-10 07:39:52','1999-09-13 20:31:51'),(64,4,7,'Eos esse et pariatur error amet optio.',1,'2004-11-09 18:00:20','2014-12-04 10:18:57'),(65,68,88,'Tempora non dolores dignissimos eum rerum odit.',1,'1999-03-14 08:02:24','2012-08-13 06:01:09'),(66,36,44,'Odit cum animi vitae omnis praesentium vitae.',0,'1997-02-14 08:54:41','2001-12-26 08:15:23'),(67,46,43,'Enim et saepe aspernatur sunt dolor.',0,'2014-05-21 00:51:06','1986-12-08 19:33:57'),(68,100,44,'Repellat et perferendis et in provident.',0,'2011-03-27 10:14:04','1980-04-29 22:12:27'),(69,94,53,'Reiciendis ad ipsa expedita atque omnis voluptatem eveniet.',0,'1999-05-13 09:39:18','2011-09-02 16:33:45'),(70,35,61,'Fuga quas aperiam autem dolor vel.',0,'1996-11-27 02:08:49','1996-06-14 02:55:51'),(71,12,36,'Libero ut qui suscipit unde.',1,'1992-01-25 22:54:46','1980-04-22 17:48:01'),(72,59,96,'Soluta eos aut explicabo voluptas cum et.',0,'1981-06-22 21:27:26','2000-07-07 12:51:00'),(73,14,70,'Nihil accusantium id minus eaque dolores.',1,'2014-01-16 06:14:03','2015-05-14 19:15:17'),(74,13,67,'Qui harum in sint ut odit voluptate.',1,'1992-08-31 09:18:27','1981-09-18 04:15:05'),(75,66,47,'Adipisci optio tempora velit laudantium ex.',1,'2011-10-15 02:39:58','1970-12-27 22:53:34'),(76,57,73,'Eligendi ratione fugiat dolor nisi modi.',0,'1970-11-17 01:02:48','1973-09-03 17:16:20'),(77,86,54,'Animi quo iste autem ut commodi assumenda.',0,'1976-09-25 04:22:06','2003-10-09 01:57:59'),(78,79,81,'Rerum quisquam necessitatibus ab.',0,'1974-07-09 02:14:12','2008-12-02 10:15:18'),(79,32,82,'Voluptas ut maxime autem autem.',0,'2019-09-14 22:29:32','2019-06-11 04:53:11'),(80,87,100,'Dolor ipsa voluptatem et.',1,'2000-05-28 12:48:42','2018-02-14 21:54:27'),(81,69,23,'Quaerat esse aliquam molestiae rerum amet velit non.',1,'1989-01-23 13:43:18','1984-11-28 01:49:11'),(82,44,14,'Est mollitia enim totam eveniet qui veniam expedita.',0,'2000-11-28 14:38:31','1973-09-17 02:59:40'),(83,66,43,'Optio velit sint eaque sunt.',1,'2002-03-05 12:26:20','2004-12-04 02:47:08'),(84,57,59,'Dolores quo id ea voluptatum explicabo libero beatae.',1,'1991-05-11 00:41:01','1983-10-02 18:44:18'),(85,96,91,'Illum non quos qui ab repellendus sit.',0,'1976-12-07 08:30:24','1971-06-15 02:31:41'),(86,20,7,'Natus mollitia repudiandae et id assumenda.',1,'2013-04-01 06:10:42','2019-04-01 17:41:12'),(87,27,79,'Eum ea velit repudiandae modi esse illo magnam.',0,'2012-03-16 13:11:41','1998-08-23 03:17:30'),(88,3,40,'Maiores laudantium ut itaque quo corporis consequuntur.',1,'1999-10-04 22:08:21','1973-11-20 12:23:50'),(89,48,16,'Dolor tempora distinctio velit odit laudantium mollitia.',0,'1999-09-19 14:02:58','1983-08-10 17:26:31'),(90,7,14,'Delectus nam ut eveniet facilis ipsa maiores.',0,'1973-08-08 00:04:31','1991-07-03 10:38:04'),(91,62,64,'Impedit reprehenderit ipsum quia ipsum mollitia autem et neque.',1,'1988-11-17 12:29:43','2002-02-02 03:21:56'),(92,86,47,'Dolor mollitia non in doloribus ipsa aut illum voluptatibus.',0,'1981-05-25 23:58:31','1970-05-03 19:45:00'),(93,17,65,'Optio ex maiores odio quo.',0,'1987-03-20 03:36:15','1998-04-15 17:19:35'),(94,28,49,'Eveniet voluptatum sapiente et nisi.',1,'1974-04-12 05:50:43','2015-09-08 16:59:26'),(95,47,15,'Voluptatum qui et eos maxime.',1,'2000-08-20 19:41:24','2007-08-08 19:10:25'),(96,49,16,'Architecto ut autem aut qui amet temporibus perspiciatis qui.',0,'2005-08-21 05:16:04','2019-06-30 11:41:22'),(97,38,92,'Dolores earum et quae praesentium dolor qui.',0,'2001-03-31 05:23:09','1970-12-08 08:17:08'),(98,30,3,'Sunt quo reiciendis cum assumenda consequatur nobis.',1,'1999-08-14 19:41:18','1976-11-12 12:17:45'),(99,34,87,'Accusamus enim aut rerum.',0,'1987-07-02 14:57:24','2008-08-27 18:52:21'),(100,62,30,'Velit sed ut fuga.',1,'1976-03-24 18:50:47','1975-06-12 18:48:49'),(101,78,81,'Voluptates aut dolores quo sed rerum delectus.',1,'2013-05-05 18:59:13','1998-05-07 07:05:53'),(102,36,4,'Tempora eaque est veritatis nesciunt accusamus iure dolorem.',0,'1998-12-01 16:12:24','2005-03-31 02:57:57'),(103,59,39,'Nam vel totam quisquam.',0,'2012-12-25 09:46:43','1984-02-07 15:40:45'),(104,44,6,'Dignissimos voluptatem beatae unde sint nihil sint.',0,'1992-07-22 20:33:57','1970-08-23 11:11:46'),(105,54,51,'Cumque fugit deleniti dolor quasi dolores quia ut.',0,'1995-09-11 12:20:33','1992-07-24 02:55:40'),(106,19,16,'Tempore maiores quas voluptatibus et tenetur.',1,'1973-01-03 18:21:37','2019-05-25 13:31:50'),(107,14,5,'Ad sed in eum rerum.',0,'1970-11-10 12:22:35','2021-02-07 15:29:48'),(108,62,31,'Temporibus dolore suscipit laboriosam expedita quam vero.',1,'1987-06-03 09:32:58','1980-05-17 06:24:11'),(109,70,90,'Omnis tempora sapiente qui earum ab debitis.',0,'2007-09-07 14:38:25','1994-06-28 08:03:53'),(110,79,16,'Et aspernatur iusto eum saepe maxime ut.',0,'1973-11-17 08:22:51','1987-09-25 19:45:40'),(111,4,27,'Distinctio voluptatum velit officia corrupti alias.',1,'1994-03-17 21:31:12','2007-12-15 03:40:29'),(112,32,41,'Ex dolores non odio autem quo molestias qui.',0,'1975-01-15 00:55:27','2010-05-27 15:56:47'),(113,18,61,'Ipsam aut asperiores aut et.',1,'1970-09-25 12:30:35','1979-06-08 02:57:23'),(114,44,52,'Rerum accusantium eos numquam repudiandae.',1,'2000-08-06 00:20:05','2011-01-23 11:31:59'),(115,47,5,'Illo veniam saepe veritatis suscipit.',0,'2005-08-25 08:56:21','2020-01-31 08:02:46'),(116,81,24,'Necessitatibus tenetur aut iure possimus rerum quod est.',0,'1983-03-09 23:21:55','1987-04-19 13:08:46'),(117,86,17,'Culpa rerum totam sit qui sequi beatae.',1,'2011-06-26 21:54:26','1987-08-20 11:12:40'),(118,28,44,'Qui aperiam eius et ea consequuntur.',0,'1993-04-29 21:33:49','1994-04-18 00:24:49'),(119,55,71,'Voluptatem aut quasi consequatur sint.',0,'1978-12-19 07:15:15','1984-01-11 00:46:27'),(120,50,9,'Ut consectetur voluptates exercitationem totam tempora.',0,'2018-04-03 08:40:30','2003-10-14 19:36:15'),(121,22,69,'Nemo praesentium reprehenderit dolorem quo laboriosam consequuntur possimus.',0,'1982-02-10 18:03:40','1974-08-19 15:32:28'),(122,24,35,'Ullam ducimus quas ipsum.',1,'2009-10-26 21:25:07','1998-11-10 12:38:52'),(123,74,86,'Non impedit quo illum necessitatibus.',1,'1990-04-26 21:25:53','2020-09-06 00:38:45'),(124,66,44,'Sapiente voluptatum culpa assumenda vel dolorem.',0,'2015-11-12 21:12:37','1989-11-16 17:57:01'),(125,75,45,'Sequi debitis modi voluptas voluptate magni.',0,'1970-05-29 17:51:27','1984-09-12 20:15:44'),(126,60,79,'Delectus ullam dolorem itaque et itaque corrupti.',1,'1987-03-02 15:59:23','2010-02-28 11:18:03'),(127,72,91,'Tempore culpa voluptate consequatur et nihil.',1,'2013-11-13 02:08:38','1999-07-20 13:18:42'),(128,20,89,'Nisi quam quae recusandae facilis doloremque.',0,'1996-02-07 18:15:37','1982-11-02 04:10:30'),(129,51,63,'Ea unde non minima et commodi dolor fuga.',0,'1982-03-03 01:42:51','1982-05-26 19:22:29'),(130,41,97,'Vel rerum deleniti rerum est ullam ipsum.',0,'1995-11-01 06:15:46','1972-08-09 11:22:40'),(131,68,22,'Esse necessitatibus blanditiis ut.',1,'1988-09-03 21:21:30','1989-03-16 19:52:31'),(132,21,53,'Tenetur labore quis velit rem.',0,'1977-12-13 08:57:48','1982-12-23 13:50:31'),(133,38,48,'Quisquam est ad ut ex neque.',0,'1972-10-23 01:22:48','1978-07-13 07:48:43'),(134,97,93,'Facilis unde voluptates quia totam accusamus.',1,'2003-01-31 10:27:02','1989-10-12 09:06:18'),(135,19,47,'Ut possimus iste omnis labore qui neque sequi.',1,'1985-11-28 22:45:06','2010-12-20 20:22:22'),(136,1,41,'Aut minima architecto eligendi nam ullam.',0,'1971-07-06 17:14:05','1996-03-16 03:00:51'),(137,16,25,'Illum soluta corporis omnis adipisci consequatur rerum ratione.',1,'1983-07-27 13:27:48','1982-10-04 11:03:28'),(138,75,89,'Est ducimus distinctio odio est officia fuga.',0,'2000-03-08 18:44:17','2015-04-12 01:03:21'),(139,11,41,'Recusandae quia ipsum libero natus quis eum soluta.',1,'2008-10-18 04:33:21','2014-03-29 03:27:54'),(140,33,86,'Repellat omnis corrupti voluptatum voluptatem.',1,'2012-05-09 03:50:37','1978-10-11 08:41:13'),(141,85,92,'Aut quos dolore sequi consectetur dolor.',0,'1974-05-21 00:03:48','2018-05-27 17:34:47'),(142,64,56,'Vero enim ea adipisci sed et rerum minus.',0,'1994-12-11 14:56:49','1996-03-03 15:53:56'),(143,82,84,'Delectus adipisci cumque architecto quibusdam et nostrum.',0,'2002-02-04 22:30:02','2009-03-29 13:53:54'),(144,45,33,'Aliquid et earum vel quos esse beatae nemo.',1,'1972-11-09 15:09:37','2020-02-15 12:18:08'),(145,47,85,'Labore eum aut sunt.',0,'1970-10-04 06:50:58','1992-07-19 11:32:11'),(146,30,14,'Cupiditate qui non est dolores.',1,'2003-02-14 06:00:46','1971-10-03 19:12:42'),(147,7,50,'Eum soluta porro et nihil et repellendus quod.',0,'1979-01-18 20:10:43','1976-01-11 04:12:22'),(148,66,44,'Eum fuga in perspiciatis distinctio quo velit sapiente.',0,'2006-03-18 16:26:33','2010-06-04 14:37:53'),(149,98,63,'Amet maiores dolor optio et numquam.',1,'2002-07-22 13:01:36','2000-10-12 19:08:40'),(150,37,17,'Expedita sint excepturi dolores doloribus eos aliquid magnam.',1,'1990-09-15 01:28:03','1991-02-17 22:58:24'),(151,9,38,'Nihil reiciendis atque quis quis.',0,'1980-07-16 16:22:25','2006-08-08 00:20:03'),(152,57,24,'Perspiciatis est labore nulla quaerat ratione nam nesciunt.',1,'1970-05-21 00:20:40','1988-10-12 02:07:35'),(153,62,32,'Omnis ipsam quia enim sed incidunt placeat dolores.',1,'1977-03-31 08:17:43','1990-12-23 01:06:46'),(154,13,72,'Voluptas libero officiis asperiores dolorem eum.',1,'2017-12-12 14:31:03','1981-10-07 19:59:40'),(155,72,46,'Quod aut ratione est perspiciatis quis.',1,'1992-09-03 16:28:21','2014-01-05 04:17:17'),(156,58,57,'Sed doloremque fugit adipisci nam odio fugit.',0,'1994-07-07 02:32:34','2012-12-18 06:27:07'),(157,37,21,'Iure laboriosam rerum quo omnis dicta facere aut porro.',1,'2009-05-31 12:52:15','1991-06-01 06:01:16'),(158,12,19,'Voluptatem illo aut enim eligendi commodi.',0,'1973-02-26 18:09:56','2009-05-25 09:19:02'),(159,5,57,'Dolore et consequatur est quisquam dolor beatae.',0,'1995-05-19 20:39:30','1973-03-13 20:08:29'),(160,51,51,'Nihil a vitae quaerat doloribus.',0,'1991-09-25 03:33:33','2016-11-07 21:35:17'),(161,42,81,'Odio voluptatem repellat qui fuga aut natus vel.',0,'2016-09-15 07:39:49','2003-07-14 19:25:46'),(162,64,48,'Numquam nostrum sunt nam maiores.',0,'2007-02-25 04:35:24','1980-04-17 04:02:01'),(163,30,30,'Est est ea autem nobis saepe minima.',0,'2007-03-15 04:58:42','1995-04-13 07:57:15'),(164,92,28,'Eum nisi maxime ut a.',0,'1984-02-20 16:43:54','1981-01-12 20:11:28'),(165,93,28,'Molestiae exercitationem voluptas quia ut.',1,'2015-01-04 22:59:42','2015-09-07 10:58:30'),(166,44,1,'In ea qui voluptatem eaque aut optio commodi.',0,'1992-11-16 04:39:57','1984-07-14 08:33:03'),(167,65,1,'Nobis porro culpa sapiente aut illo.',0,'1981-10-19 20:41:18','2008-05-28 17:34:06'),(168,25,27,'Temporibus labore qui quia.',0,'2017-06-30 02:41:06','2018-11-07 08:39:20'),(169,32,38,'Illo in officia dolor quasi corrupti amet.',0,'1983-03-08 20:47:37','1973-05-23 16:49:08'),(170,99,4,'Aperiam voluptas eligendi blanditiis molestias.',0,'1983-03-10 01:52:22','1970-02-22 10:05:34'),(171,83,56,'Est ut ea odio nam id.',1,'1975-06-07 22:44:22','1984-09-04 01:53:15'),(172,60,19,'Qui autem rerum enim.',1,'1991-11-12 01:01:12','2006-09-09 23:42:13'),(173,77,72,'Sit tempore omnis illum harum voluptate fuga.',1,'1980-12-07 18:09:53','1988-04-03 22:50:50'),(174,38,81,'Enim molestiae quo dolorem sint facilis labore.',0,'1972-10-26 23:03:42','1996-07-16 19:23:52'),(175,28,88,'Aut vel aliquam asperiores ratione ipsam doloribus.',0,'1992-03-23 12:27:31','1983-11-11 03:38:05'),(176,31,69,'Voluptate tenetur rerum voluptatem officia non.',1,'1995-02-03 15:44:12','1991-02-12 21:26:57'),(177,68,95,'Alias nulla ex impedit officia debitis numquam eos.',0,'1972-09-21 20:27:36','1983-01-30 02:33:28'),(178,16,98,'Voluptate alias praesentium eum veritatis quasi.',0,'1971-12-01 15:30:38','1976-10-31 03:25:13'),(179,25,7,'Ea ut natus enim aut quia nesciunt accusantium.',0,'1976-03-18 10:48:48','1994-02-23 11:53:02'),(180,26,17,'Facilis at amet et atque et autem enim.',1,'2019-01-20 17:52:11','2003-01-06 03:34:30'),(181,35,70,'Soluta qui quia odio voluptatum esse accusamus.',1,'1974-07-20 18:44:13','1989-02-22 03:28:00'),(182,17,99,'Ea et eum excepturi in.',1,'2012-07-27 06:51:30','2017-08-29 22:25:14'),(183,70,42,'Eos reprehenderit aut qui consequatur minima asperiores quis eos.',1,'1990-01-24 15:05:04','1978-08-20 12:05:04'),(184,25,1,'Expedita eaque cupiditate doloribus exercitationem quasi vel illo sit.',0,'1980-02-09 20:42:16','2005-11-20 02:13:42'),(185,79,23,'A voluptatem deserunt deleniti illo velit.',1,'2015-09-25 19:00:05','2019-01-15 20:45:56'),(186,4,62,'Delectus totam dolores nam quos explicabo qui.',0,'2008-06-27 08:14:40','2019-02-27 13:27:31'),(187,79,64,'Accusantium soluta esse vel.',0,'1991-08-07 12:03:53','1972-03-01 16:00:52'),(188,80,55,'Illum reprehenderit qui rem et voluptas blanditiis.',1,'1984-08-05 19:32:24','2007-11-29 09:08:22'),(189,35,18,'Nisi aliquam quam eveniet dolor nemo.',1,'1983-04-06 08:54:24','1974-06-19 11:29:53'),(190,35,62,'Vitae qui ea sint maiores non aut quasi suscipit.',0,'1985-08-07 22:08:38','1997-06-27 19:53:31'),(191,5,66,'Dolor est ut deserunt laborum sed.',1,'1976-09-04 06:06:18','2016-03-04 22:32:26'),(192,31,73,'Tempora ut illo possimus rerum dolor et nobis.',0,'1983-02-13 15:04:10','2003-04-16 04:38:56'),(193,60,47,'Quo molestias aliquid autem ex optio aut atque.',0,'1985-07-28 02:11:06','2020-08-31 22:04:08'),(194,71,84,'Eligendi consequuntur ut in quae nihil.',0,'2011-09-03 20:46:58','1972-04-03 22:26:24'),(195,54,96,'Quia ab sit ratione distinctio nihil.',0,'1982-01-14 06:27:33','2002-07-16 19:25:08'),(196,100,88,'Et ea sunt maiores animi qui eveniet.',1,'1988-03-04 03:25:42','2014-03-05 04:40:48'),(197,65,17,'Suscipit incidunt quas blanditiis voluptatem maiores et ipsa.',0,'1979-12-23 20:58:51','2000-10-26 13:19:25'),(198,86,34,'Expedita id voluptatem consectetur ut eum.',1,'1989-12-28 02:43:02','1996-09-10 04:45:59'),(199,58,11,'Repudiandae similique adipisci illo blanditiis.',0,'1987-08-24 11:46:16','2011-09-04 19:09:16'),(200,35,37,'Quod voluptatum provident quia ullam ratione voluptas.',0,'2009-11-04 23:03:18','1990-09-08 05:05:01'),(201,34,39,'Consectetur ex rerum quaerat quaerat maxime aliquam iure sequi.',1,'2012-12-03 21:45:10','1971-08-09 01:52:57'),(202,98,12,'Ut dolor corrupti et cum.',0,'2005-09-22 04:53:16','2012-07-13 17:35:30'),(203,3,78,'Ut qui laboriosam incidunt nihil.',0,'2001-11-09 21:35:21','2006-04-08 04:25:11'),(204,66,37,'Sit nihil et voluptatem est molestias et harum.',1,'1983-06-11 13:13:24','1990-04-29 05:44:28'),(205,95,1,'Qui odio tempora rem qui.',1,'2020-02-08 08:30:17','1997-05-13 12:28:58'),(206,99,100,'Aliquam voluptas ex excepturi fuga et incidunt excepturi.',1,'2010-07-15 18:01:29','2001-02-25 04:54:21'),(207,66,29,'Non et eum qui placeat a.',0,'1985-08-10 19:44:13','2015-02-10 08:24:36'),(208,73,26,'Omnis aperiam aut vel at.',1,'1991-10-22 10:58:55','1979-09-09 19:13:01'),(209,75,43,'Rem natus nemo dolorem doloremque est veniam.',0,'1972-03-02 10:59:10','2004-09-05 18:40:46'),(210,9,28,'Quia blanditiis quia illum ratione eum non.',1,'1997-02-23 17:38:02','1985-04-19 19:36:27'),(211,39,9,'Sapiente aut aut distinctio ratione.',0,'2015-07-20 09:13:04','2019-01-10 18:27:05'),(212,15,3,'Numquam omnis natus labore qui dolor et.',0,'2010-08-26 09:05:25','1974-12-26 12:01:57'),(213,25,1,'Quo ratione ut rerum eveniet officia qui.',0,'2009-08-04 17:55:05','1981-11-11 10:52:47'),(214,37,83,'Amet sit ipsum est.',0,'1991-03-05 14:46:07','1996-05-15 12:38:29'),(215,12,72,'Excepturi omnis dolorem harum ex quos dolor voluptatem.',1,'1991-09-25 09:37:56','1973-05-14 05:36:13'),(216,19,45,'Sed quaerat corrupti provident.',0,'1998-05-21 07:00:21','2001-01-07 15:27:56'),(217,10,17,'Quis quibusdam quae est aspernatur aut totam aliquid aliquid.',0,'2004-08-31 18:50:55','2014-12-07 19:15:28'),(218,57,13,'In ut officiis repellat mollitia corrupti similique aut et.',1,'1970-09-19 02:57:55','2019-05-19 05:13:50'),(219,94,23,'Vel a voluptatem aliquid aspernatur totam qui unde.',1,'1998-03-30 08:46:48','2000-06-12 03:46:55'),(220,49,88,'Magni quia tenetur labore beatae eos veritatis.',1,'1988-09-22 19:15:48','2011-07-26 11:36:34'),(221,23,47,'Commodi sunt nemo eum.',0,'1971-06-03 18:11:19','1995-05-08 17:46:34'),(222,88,89,'Quas voluptatem ipsum quos inventore.',0,'1985-07-31 10:47:03','2000-12-12 07:34:12'),(223,76,60,'Cumque non corrupti aut necessitatibus.',1,'2006-12-10 12:48:41','1997-05-03 11:23:56'),(224,14,50,'Fugit at enim voluptatem sint nemo fugiat.',0,'1998-01-05 00:46:36','1990-04-07 13:08:27'),(225,2,23,'Harum qui sunt qui provident tenetur iusto sit.',1,'1996-07-22 19:11:38','1998-08-29 18:34:02'),(226,78,41,'Aut hic similique incidunt quibusdam dolor enim sed dolorem.',1,'1977-12-22 03:12:33','1997-10-05 05:18:40'),(227,31,93,'Sit quos nostrum earum voluptas.',0,'2001-05-21 01:14:38','2008-05-09 17:39:52'),(228,43,56,'At maiores voluptatibus nobis sunt numquam accusantium.',1,'2001-03-11 03:38:39','2016-01-17 02:23:21'),(229,94,80,'Nihil quia quia itaque dolor.',1,'2019-12-25 09:35:23','1976-04-15 20:37:11'),(230,38,5,'Quisquam nam voluptatem eius.',1,'1994-01-10 16:38:04','1971-10-11 03:50:07'),(231,51,57,'Vitae laudantium rerum aliquam explicabo esse expedita velit.',1,'1971-04-19 22:56:24','1987-03-27 03:28:38'),(232,49,61,'Reprehenderit sit facere soluta dignissimos.',0,'1995-02-22 19:39:22','2000-10-17 04:18:56'),(233,73,5,'Molestiae ipsam neque modi et quia.',0,'1996-12-03 23:47:37','1978-08-17 07:20:08'),(234,73,67,'Aut doloribus et omnis repellat tenetur doloremque.',0,'2003-07-05 22:34:17','1976-04-13 11:58:44'),(235,27,22,'Harum eum deserunt id dolor.',1,'2001-03-07 13:49:11','1999-12-24 05:09:09'),(236,55,50,'Consectetur totam distinctio qui voluptatibus eligendi.',1,'1990-08-21 21:49:51','2010-11-06 23:32:15'),(237,69,42,'A ad voluptates molestiae consequatur dignissimos error.',1,'2001-03-11 15:57:51','1973-03-01 07:25:59'),(238,39,44,'Dolores ipsam nisi architecto.',0,'1998-04-23 12:08:04','1995-08-20 00:30:20'),(239,1,52,'Aliquid quibusdam nulla magnam qui ipsa quos aut.',0,'1976-07-18 23:05:13','1997-08-31 22:59:05'),(240,94,3,'Voluptas sapiente numquam quis quisquam odit velit.',0,'2018-04-04 11:48:34','2000-01-17 04:40:55'),(241,74,71,'Sapiente ut accusamus consequatur.',1,'2010-02-19 02:53:22','1988-08-15 11:56:14'),(242,43,5,'Doloribus laboriosam cumque voluptate.',1,'1977-09-28 03:05:54','2008-10-04 15:53:53'),(243,63,86,'Libero sunt ipsam doloremque quasi qui in.',1,'1977-04-30 03:50:01','2014-10-31 22:49:01'),(244,60,56,'Magnam sunt culpa at quae ut nihil.',0,'2015-06-27 11:24:20','1989-06-27 22:59:22'),(245,66,98,'Qui sed asperiores minima dicta totam nulla.',1,'2016-10-15 05:54:29','2005-08-18 03:09:22'),(246,61,17,'Corporis dolor et et ut.',1,'2005-08-27 15:54:24','2007-09-02 18:19:09'),(247,55,9,'Necessitatibus ullam enim veritatis doloremque.',1,'2001-04-26 00:16:07','1991-12-18 08:12:34'),(248,78,27,'Numquam sint molestiae et iusto similique quos iusto ea.',0,'1998-05-08 17:35:12','2005-07-29 16:55:30'),(249,14,51,'Velit ut dolore inventore quos velit eos incidunt quia.',0,'1992-08-15 06:28:26','1978-03-16 15:14:39'),(250,93,41,'Eum in mollitia rerum quisquam et.',1,'2003-09-10 15:11:26','1975-09-07 18:19:05');
/*!40000 ALTER TABLE `messages` ENABLE KEYS */;
UNLOCK TABLES;

--
-- Table structure for table `profiles`
--

DROP TABLE IF EXISTS `profiles`;
/*!40101 SET @saved_cs_client     = @@character_set_client */;
/*!40101 SET character_set_client = utf8 */;
CREATE TABLE `profiles` (
  `user_id` bigint(20) unsigned NOT NULL,
  `gender` enum('f','m','x') DEFAULT NULL,
  `birthday` date NOT NULL,
  `photo_id` int(10) unsigned DEFAULT NULL,
  `city` varchar(130) DEFAULT NULL,
  `country` varchar(130) DEFAULT NULL,
  PRIMARY KEY (`user_id`),
  CONSTRAINT `profiles_ibfk_1` FOREIGN KEY (`user_id`) REFERENCES `users` (`id`)
) ENGINE=InnoDB DEFAULT CHARSET=latin1;
/*!40101 SET character_set_client = @saved_cs_client */;

--
-- Dumping data for table `profiles`
--

LOCK TABLES `profiles` WRITE;
/*!40000 ALTER TABLE `profiles` DISABLE KEYS */;
INSERT INTO `profiles` VALUES (1,'f','1997-10-30',0,'Kemmershire','Chile'),(2,'x','1988-06-07',3,'West Claudie','Syrian Arab Republic'),(3,'m','1993-11-06',0,'Port Santamouth','Guatemala'),(4,'m','1974-11-04',0,'West Linnie','Gibraltar'),(5,'m','1996-12-24',0,'Myleston','Vanuatu'),(6,'f','1982-01-26',0,'South Laurynchester','Venezuela'),(7,'f','2019-02-06',3,'Wardmouth','United States of America'),(8,'x','1993-08-29',5,'Ryanview','Turkmenistan'),(9,'m','1986-11-14',4,'Lake Caleb','Bolivia'),(10,'x','1987-10-13',0,'South Courtneytown','Saint Martin'),(12,'x','1970-11-25',0,'Kaylinmouth','New Zealand'),(14,'f','2009-09-28',0,'Port Elliot','Papua New Guinea'),(17,'x','2010-04-15',0,'Ismaelmouth','Brunei Darussalam'),(18,'f','2008-07-08',0,'Abdielstad','Togo'),(19,'m','2013-08-12',4,'Hattieberg','Croatia'),(21,'m','1977-11-27',5,'Cordellburgh','Mexico'),(22,'m','2018-07-08',0,'West Francisview','Reunion'),(23,'x','2001-03-01',0,'Considineburgh','New Zealand'),(26,'f','1998-11-18',0,'East Lilaport','Myanmar'),(27,'m','1974-11-05',8,'Moscow','Niue'),(29,'m','2013-09-17',0,'Darwinton','Antarctica (the territory South of 60 deg S)'),(31,'m','1996-08-20',3,'Gutkowskiport','Martinique'),(32,'x','2005-04-29',0,'Port Donfurt','Qatar'),(33,'x','1977-10-02',0,'Websterberg','Qatar'),(35,'x','2019-04-01',4,'Odessashire','Italy'),(36,'f','2000-05-08',0,'Torpton','Estonia'),(39,'f','2002-07-14',2,'Adamsberg','Botswana'),(40,'f','1972-07-01',6,'McDermottfurt','Bangladesh'),(41,'m','1998-04-16',6,'Omarimouth','Central African Republic'),(42,'x','2003-01-07',0,'South Erin','Nauru'),(44,'f','1986-03-16',3,'Lonzoland','Guinea'),(45,'m','2001-01-17',5,'Antonechester','Slovenia'),(47,'f','1985-05-18',0,'West Malcolm','Mexico'),(48,'x','1995-04-29',0,'Moscow','Oman'),(49,'x','1974-06-01',2,'East Mayra','Cambodia'),(50,'x','2007-06-06',0,'Ferrychester','Jamaica'),(52,'m','1974-10-03',0,'East Susie','Jamaica'),(54,'x','2012-08-12',4,'Jocelynton','Israel'),(55,'x','2001-01-26',4,'Conroyburgh','Estonia'),(57,'m','1999-06-29',3,'Port Jay','Slovenia'),(58,'m','1990-03-25',3,'West Fritzmouth','Mali'),(59,'x','1989-10-21',2,'Moscow','Singapore'),(61,'x','1995-01-11',4,'Hansenborough','Brunei Darussalam'),(62,'m','2017-01-11',8,'West Kianville','Gibraltar'),(63,'m','1981-05-07',0,'Port Bonita','Liechtenstein'),(64,'f','1986-11-17',8,'East Tremaineview','Timor-Leste'),(65,'x','2021-03-26',0,'Donnellyshire','Bosnia and Herzegovina'),(66,'x','1979-02-24',0,'Moscow','Russian Federation'),(67,'m','1980-10-09',0,'New Addie','India'),(68,'f','1970-05-24',6,'South Brendan','Bahamas'),(71,'m','1977-10-18',1,'East Johathanchester','Cyprus'),(72,'f','1999-02-27',0,'West Maribelton','French Southern Territories'),(74,'f','1989-07-24',0,'Hermanton','Indonesia'),(76,'f','2018-03-06',0,'Edytheberg','Estonia'),(83,'m','1991-07-17',0,'Hughborough','Bermuda'),(85,'f','1977-08-11',0,'Port Serenity','Armenia'),(87,'x','1981-04-20',0,'Roobfurt','Northern Mariana Islands'),(88,'m','2010-07-04',0,'New Theodora','Turkey'),(90,'x','1975-02-27',6,'Weststad','New Zealand'),(91,'f','1978-10-20',4,'Forestland','Estonia'),(94,'x','2008-06-13',0,'South Summerport','Luxembourg'),(95,'f','2011-08-16',9,'Darianaton','South Georgia and the South Sandwich Islands'),(96,'x','2003-12-11',7,'Satterfieldside','Lao People\'s Democratic Republic'),(97,'f','1973-08-07',7,'Beierland','Uruguay'),(98,'m','1982-07-25',0,'Dachport','Malaysia'),(99,'f','2003-04-21',5,'Davisport','Jamaica'),(100,'x','2013-06-09',0,'New Cornelius','Central African Republic');
/*!40000 ALTER TABLE `profiles` ENABLE KEYS */;
UNLOCK TABLES;

--
-- Table structure for table `users`
--

DROP TABLE IF EXISTS `users`;
/*!40101 SET @saved_cs_client     = @@character_set_client */;
/*!40101 SET character_set_client = utf8 */;
CREATE TABLE `users` (
  `id` bigint(20) unsigned NOT NULL AUTO_INCREMENT,
  `firstname` varchar(50) NOT NULL,
  `lastname` varchar(50) NOT NULL COMMENT 'ФАМИЛИЯ',
  `email` varchar(120) NOT NULL,
  `phone` char(11) NOT NULL,
  `password_hash` char(65) DEFAULT NULL,
  `created_at` datetime NOT NULL DEFAULT CURRENT_TIMESTAMP,
  PRIMARY KEY (`id`),
  UNIQUE KEY `id` (`id`),
  UNIQUE KEY `email` (`email`),
  KEY `users_email_idx` (`email`),
  KEY `users_phone_idx` (`phone`)
) ENGINE=InnoDB AUTO_INCREMENT=101 DEFAULT CHARSET=latin1;
/*!40101 SET character_set_client = @saved_cs_client */;

--
-- Dumping data for table `users`
--

LOCK TABLES `users` WRITE;
/*!40000 ALTER TABLE `users` DISABLE KEYS */;
INSERT INTO `users` VALUES (1,'Maureen','Nikolaus','hherman@example.net','576-817-916','5ce23df838267e657b4d251280326c40dfe886c9','2010-07-05 07:03:52'),(2,'Leonie','Quigley','stroman.stone@example.net','1-762-492-7','','2003-12-30 07:09:55'),(3,'Alford','Reinger','harry.brekke@example.com','1-942-459-4','29c74670472b9f4c3f18bc99eb8227dd9d2007a3','2018-07-18 22:52:11'),(4,'Vincent','Kuphal','cblick@example.com','(538)495-99','','2008-08-10 10:58:21'),(5,'Earnest','Buckridge','gislason.trace@example.net','(915)339-33','','2019-11-01 14:39:50'),(6,'Jennyfer','Nolan','xbuckridge@example.org','991.083.978','','1995-05-11 17:31:44'),(7,'Joshua','Osinski','kaylah58@example.com','+38(8)11293','a0e90e6e71d7626807ffeb82e9a2c3485899f0cc','2000-01-29 18:48:28'),(8,'Constance','Parker','mccullough.hermina@example.com','+26(0)59525','9935146391ea33f45455402532516906dc1c7a9f','2002-02-18 06:56:10'),(9,'Reid','Koss','dayna.upton@example.com','04049873503','9c788920cfe045f0dbec605d854e04e3408b3a8e','2021-02-02 12:36:08'),(10,'Erling','Reichert','qblock@example.com','02721591619','','1992-10-07 19:10:17'),(11,'Antwan','Oberbrunner','bode.darrion@example.net','1-802-047-8','cd1b53da2d534e5e404d69f6f1f25fb5cc0b3fda','1993-04-11 21:18:21'),(12,'Frida','Jacobs','ystroman@example.org','143.229.730','0d5f512d5f007797ed900e43d14d0de87583b04d','1989-04-28 16:16:23'),(13,'Heath','Gulgowski','walker.mcclure@example.org','1-350-870-1','','1976-08-18 13:34:38'),(14,'Araceli','Ferry','trudie.terry@example.net','602.287.852','d87c392d55f84d95fb2fa1db1b212c8f5037069e','1976-03-09 23:45:55'),(15,'Lavern','Conn','malcolm.streich@example.net','(149)577-56','5d438416c829ac0d72ca6f0815d93cacf6c6b54b','1973-07-29 03:05:36'),(16,'Jude','Boyer','hrice@example.net','(853)974-35','','2016-08-19 22:37:57'),(17,'Kacie','Bosco','gottlieb.anna@example.com','+92(2)18810','8d14d2cf8e77ee0c80b582df0a4cd96a63b48a9c','1987-01-23 17:08:33'),(18,'Martin','Treutel','hope.boehm@example.com','08394253284','0228e4a38b88bb29359a4e38f2e606607aae7c96','2011-09-05 13:25:48'),(19,'Josephine','Kreiger','hyman.kovacek@example.com','458.073.144','bd32c7f052d7e2af38f9bdfb4845305e88894ff1','1981-09-25 10:34:04'),(20,'Evangeline','Donnelly','kgreenfelder@example.org','393.301.104','2b9499bceee006eeab5515f9a76a46dff6b6b3f8','2009-08-09 06:37:30'),(21,'Vinnie','Schuster','gaetano.bernhard@example.net','934.792.182','2a12d34714c8c12bfffb9c7081e0697964bb393f','2016-11-20 08:53:44'),(22,'Mylene','Adams','hyatt.paolo@example.com','083.461.182','8fb091f89b94c8c42acb8d8fb068188811c94fc0','1989-04-20 00:42:19'),(23,'Bernardo','Lang','kcrona@example.org','219.845.533','','2010-05-12 03:37:22'),(24,'Dolly','Fadel','theresa60@example.net','722.068.813','66f21333de299f43eb1a1fce097477acb48e269d','2009-08-15 20:57:14'),(25,'Dortha','Robel','brandy.spinka@example.com','462.466.634','','1971-08-07 09:22:51'),(26,'Monty','Dooley','marlene55@example.com','(128)167-83','c20111f94ac9e959a10885ee9f3f53f210664033','2014-11-29 12:11:26'),(27,'Guido','Cronin','duncan46@example.com','00635746451','c0061ac0758ea0ec45abf0708c2e5957a4e90c9b','1988-05-17 04:03:37'),(28,'Enola','Breitenberg','zhowell@example.net','(088)298-20','c8d33f49b2c208e480bae3c5535993e61c60ab1b','2020-12-23 02:39:20'),(29,'Lenna','Langworth','rwitting@example.com','(590)150-16','','2018-07-09 15:23:03'),(30,'Francisca','Hilpert','wkris@example.com','125.437.735','','1989-04-03 07:38:03'),(31,'Brandyn','Crooks','o\'kon.annabelle@example.com','481.088.927','','1980-12-03 04:54:18'),(32,'Dorcas','McDermott','swaelchi@example.com','139-579-409','de55025973164dd712fb5c91e255b4197a0639b5','1995-12-08 12:38:12'),(33,'Courtney','Blick','udaugherty@example.org','955-709-520','','2006-03-25 03:18:03'),(34,'Dedrick','Barton','otho.corkery@example.com','996.072.524','','2019-12-11 22:16:59'),(35,'Kendrick','Stanton','wilfred.reichel@example.com','122-267-476','','2016-09-08 04:03:11'),(36,'Alex','Stoltenberg','charlie94@example.net','(743)181-25','','2014-02-09 17:47:46'),(37,'Murray','Pollich','savanna90@example.com','196-708-459','','1984-12-23 21:17:22'),(38,'Billy','Rogahn','kyla40@example.com','1-478-758-2','f3aa45437cd3b99c2232473515b4fd812f694d86','1996-12-11 17:16:25'),(39,'Esmeralda','Schowalter','conroy.sigurd@example.com','1-270-521-7','059296b0dfff1ade68a2dbc35f8373406e602d0d','1982-11-11 16:42:34'),(40,'Edwina','Sipes','roberta.strosin@example.net','(656)114-94','83b95596f503d789d511fdf37f64847dce5d3229','1973-09-29 00:35:48'),(41,'Robb','Wilderman','zola76@example.org','1-511-957-4','a5d3db6bdde2d529d216b7834a2d0ceb7b9cca6a','1982-05-08 01:55:03'),(42,'Brian','Walker','skihn@example.com','(527)731-42','','1971-11-15 01:39:07'),(43,'Karine','Jakubowski','eberge@example.com','082.335.571','352c00eca460c3dbaa0ccabc303ece64f1f37092','1987-10-24 23:54:29'),(44,'Jaron','Schamberger','osauer@example.org','(575)512-32','6192f70268ad53076df0cfe71fa71d521a4eef35','2019-11-15 19:58:30'),(45,'Maximillian','Witting','esteban.legros@example.com','(478)847-04','','2013-07-04 05:43:56'),(46,'Arvid','Reynolds','lindgren.destiny@example.org','982.664.548','b91eba664e279a623d65b2276b4ac180d92a40d9','1989-12-10 23:53:41'),(47,'Davonte','Durgan','waelchi.juvenal@example.net','+81(2)76382','73a348872c25bd5c0442059c412d402ac6c79893','1970-08-17 02:06:55'),(48,'Stan','McLaughlin','wwintheiser@example.org','490.404.188','a75e245fe8ae33cc98de5f5dd7bd978126f3c6a6','1972-02-25 12:03:10'),(49,'Dortha','DuBuque','obahringer@example.org','07250850695','','1994-12-10 12:54:42'),(50,'Hugh','Sanford','anna72@example.org','690-581-938','1809b8fb0dc2cbb1334bf8b0c7da77fca69ab8d9','1977-11-30 13:39:55'),(51,'Toby','Stamm','ikautzer@example.org','(435)970-32','','1984-09-15 01:54:16'),(52,'Whitney','Steuber','stokes.theodora@example.net','1-525-142-2','4162acda7dba7ab43e5ba92691a5f3152df0b210','1976-12-02 03:36:17'),(53,'Emily','Gleichner','roma.stokes@example.com','092.463.593','','2003-09-30 22:02:52'),(54,'Larue','Hyatt','bheidenreich@example.com','931-859-863','f5b2650275418cfef6dad5c123310f61807d1006','2016-05-07 02:40:37'),(55,'Zoe','Denesik','nnienow@example.com','246.619.451','6170a1b844ff574f245be8137fce8fdc23f2ce54','1993-04-16 02:51:14'),(56,'Okey','Rempel','ppaucek@example.com','207.977.650','bbb80c8a3171fce2270ff209f0cfe3c3194a0daf','2017-01-16 15:56:50'),(57,'Norval','Balistreri','gulgowski.tabitha@example.net','811.982.726','dccb64523a6f11e654b1cfc318f52d040466301b','2013-02-22 18:06:11'),(58,'Sherwood','Rice','moshe.beer@example.com','+33(8)17409','','2007-05-23 16:07:22'),(59,'Esmeralda','Kirlin','adalberto21@example.org','(349)778-20','28b4e94af8d11a7d140afbed08d457048ad9731b','2014-01-19 17:35:40'),(60,'Shayna','Eichmann','jenkins.buck@example.org','+60(0)14253','03e4716267c633c7b6ee1f2bdb7ba7df358fa970','1992-05-30 07:32:46'),(61,'Stephany','Pagac','tatyana62@example.com','1-187-531-7','0bfba7b4971027992846906e194287c99d892202','1997-07-21 11:44:53'),(62,'Akeem','Schneider','xdibbert@example.org','673.290.745','','1986-01-26 23:11:03'),(63,'Alysson','Windler','rempel.macey@example.org','1-539-931-8','','2013-07-27 19:07:13'),(64,'Lyla','Klocko','katlynn09@example.net','130.477.494','908b3352e2619bbc015f4d8a7b7fa28b500d508e','2000-11-01 02:44:45'),(65,'Annabelle','Connelly','cordia76@example.com','1-065-114-5','725b3d94cb2e3d8154ae75f167495786899f8186','1978-09-20 08:50:00'),(66,'Donnell','Corwin','javier59@example.org','(769)492-44','3af577a6ccf13c8b6b2181a73d27bc816ef01134','2019-07-12 20:59:48'),(67,'Candace','Spencer','timmy.kautzer@example.org','(603)194-38','35fbbbc5dfa76cd7a20a16056198c5ee2e8759f0','1987-07-26 10:39:50'),(68,'Zachery','Bechtelar','ldaugherty@example.net','1-091-140-1','b686e4891dfacf78079bdf820d96c47c4e91c5aa','1992-09-01 19:02:34'),(69,'Monty','Ortiz','lcole@example.net','(208)045-34','bb92886b623dcc4240b23c901a84a015874791bb','2015-11-11 22:24:30'),(70,'Stuart','Daniel','pedro66@example.com','058-660-728','da865faecbef25952b06a7c37f040648aa1bbe4f','2005-10-21 00:19:16'),(71,'Myles','Prohaska','juanita95@example.com','1-748-057-5','','2002-08-13 19:46:48'),(72,'Johanna','Shanahan','kovacek.horace@example.com','143-204-231','','1976-08-14 22:56:17'),(73,'Jeremy','Hettinger','koss.jennings@example.com','857-636-625','dca0aa8aec5ae4344c4d040a73805b044ec88cc9','1987-11-27 05:44:44'),(74,'Noe','Langosh','emery.denesik@example.net','390-709-028','19eac1ba6032296b7c7de87ae39a24c2f209ef74','2019-12-18 11:14:35'),(75,'Zoie','Goldner','kessler.wayne@example.org','1-770-162-5','db99bf823cf8f29bcdbc80db352b342c563c17cf','2019-05-27 11:15:31'),(76,'Jeanne','Tromp','magnolia.kuphal@example.net','1-511-189-2','1d1758f3cf826e597b71c3a1771c3836fb50dbb3','1973-08-18 19:24:55'),(77,'Penelope','Gulgowski','cartwright.roger@example.com','490.406.258','d00e749a88293da44f2183c41ddf6813a34c70e3','1986-04-19 19:40:31'),(78,'Erich','Berge','bzulauf@example.com','(684)923-24','7243b457f80a9c62107b3280eba4cdd1191c9bdf','2001-03-15 21:00:27'),(79,'Allie','Stroman','botsford.modesto@example.org','412.307.200','9e096224e5ce18ca90e86f1f0e3242de01b2eda8','2005-10-18 06:35:42'),(80,'Marlon','Cronin','lysanne.klocko@example.org','421.539.912','507f611ece2b9a29ebc5f7f901a9cc239ccd3cbf','1984-03-31 00:04:38'),(81,'Beau','Kemmer','ondricka.cory@example.org','+60(6)71230','','1976-07-20 18:26:36'),(82,'Gia','Leffler','spencer.hoppe@example.net','(993)636-99','','1989-06-02 14:09:21'),(83,'Sadie','Hegmann','steve.berge@example.net','(136)711-13','','2005-05-19 01:19:59'),(84,'Maximo','Emmerich','labadie.cassandra@example.com','105-216-609','','2021-02-22 19:18:08'),(85,'Reba','Veum','violet.runte@example.com','00067410245','2bf7b56e8026a05aec9af67b9c1978650d70fa9b','2017-12-10 07:56:31'),(86,'Remington','Kreiger','squigley@example.com','807.482.466','','1978-02-18 23:05:00'),(87,'Celine','O\'Kon','oda99@example.com','737.395.060','','2002-03-20 14:09:25'),(88,'Bessie','Yost','brooke.herzog@example.com','+82(1)37297','e27032548a0a923cc54154fcb83e740dd380db3f','1975-02-16 18:43:58'),(89,'Christa','Okuneva','zula.farrell@example.net','493.147.906','f02e859a55ea8ff9896e7e84cd64cca6f837db9d','1970-08-28 06:15:15'),(90,'Kara','Huels','grant19@example.com','410.851.686','41476ddfdccf0d8adf791c8eeaebc738dd63126b','1978-06-02 18:52:17'),(91,'Stacey','Trantow','skiles.kattie@example.org','06576645885','73e7c680c86c92ec108f6738cfda289853870db9','1976-04-16 18:06:43'),(92,'Pamela','Jenkins','vilma.beatty@example.com','(911)444-68','','2008-07-29 06:33:58'),(93,'Micaela','Kris','wlangworth@example.com','(602)371-94','','2006-05-04 05:59:40'),(94,'Emie','Ankunding','bashirian.karen@example.org','(259)157-92','','2016-11-05 13:54:43'),(95,'Jannie','Hilpert','dubuque.delphine@example.org','675-892-259','','2014-02-16 19:14:38'),(96,'Sallie','O\'Keefe','wunsch.antoinette@example.net','01998175327','d433a252b36231de6a7b2bb8ad3f2af015196651','1990-07-11 11:24:16'),(97,'Webster','Gottlieb','ghalvorson@example.com','06378276137','588316b3078218b8599dea55e78f2dcd5d9fcec6','1998-05-01 01:13:56'),(98,'Lamont','Koss','shanon.heaney@example.net','655.325.771','','1983-03-19 21:34:53'),(99,'Jeromy','Quitzon','catalina.jaskolski@example.com','570.658.710','','2012-03-09 23:43:10'),(100,'Giles','Walsh','shanon22@example.org','(737)241-80','','1990-09-09 08:44:36');
/*!40000 ALTER TABLE `users` ENABLE KEYS */;
UNLOCK TABLES;
/*!40103 SET TIME_ZONE=@OLD_TIME_ZONE */;

/*!40101 SET SQL_MODE=@OLD_SQL_MODE */;
/*!40014 SET FOREIGN_KEY_CHECKS=@OLD_FOREIGN_KEY_CHECKS */;
/*!40014 SET UNIQUE_CHECKS=@OLD_UNIQUE_CHECKS */;
/*!40101 SET CHARACTER_SET_CLIENT=@OLD_CHARACTER_SET_CLIENT */;
/*!40101 SET CHARACTER_SET_RESULTS=@OLD_CHARACTER_SET_RESULTS */;
/*!40101 SET COLLATION_CONNECTION=@OLD_COLLATION_CONNECTION */;
/*!40111 SET SQL_NOTES=@OLD_SQL_NOTES */;

-- Dump completed on 2021-06-05  1:20:08
